date;store;type;pallets
07/may;2;FRESH GOODS;29
02/may;2;FRESH GOODS;35
03/may;2;FRESH GOODS;38
07/may;2;DRY GOODS;39
04/may;2;FRESH GOODS;47
06/may;2;FRESH GOODS;50
06/may;2;DRY GOODS;77
02/may;2;DRY GOODS;91
05/may;2;DRY GOODS;92
05/may;2;FRESH GOODS;94
04/may;2;DRY GOODS;106
03/may;2;DRY GOODS;113
07/may;3;FRESH GOODS;36
02/may;3;FRESH GOODS;38
03/may;3;FRESH GOODS;41
04/may;3;FRESH GOODS;48
05/may;3;FRESH GOODS;57
06/may;3;FRESH GOODS;57
06/may;3;DRY GOODS;69
02/may;3;DRY GOODS;97
04/may;3;DRY GOODS;97
05/may;3;DRY GOODS;97
03/may;3;DRY GOODS;108
03/may;5;FRESH GOODS;21
02/may;5;FRESH GOODS;25
04/may;5;FRESH GOODS;27
07/may;5;FRESH GOODS;30
05/may;5;FRESH GOODS;34
06/may;5;FRESH GOODS;39
06/may;5;DRY GOODS;49
02/may;5;DRY GOODS;69
05/may;5;DRY GOODS;73
04/may;5;DRY GOODS;81
03/may;5;DRY GOODS;106
07/may;7;FRESH GOODS;32
03/may;7;FRESH GOODS;38
02/may;7;FRESH GOODS;39
04/may;7;FRESH GOODS;46
05/may;7;FRESH GOODS;49
07/may;7;DRY GOODS;58
06/may;7;FRESH GOODS;59
06/may;7;DRY GOODS;62
05/may;7;DRY GOODS;101
02/may;7;DRY GOODS;105
03/may;7;DRY GOODS;119
04/may;7;DRY GOODS;124
07/may;9;FRESH GOODS;26
07/may;9;DRY GOODS;31
02/may;9;FRESH GOODS;38
04/may;9;FRESH GOODS;43
06/may;9;FRESH GOODS;46
05/may;9;FRESH GOODS;48
03/may;9;FRESH GOODS;52
06/may;9;DRY GOODS;66
04/may;9;DRY GOODS;75
02/may;9;DRY GOODS;82
05/may;9;DRY GOODS;90
03/may;9;DRY GOODS;93
02/may;11;FRESH GOODS;18
07/may;11;DRY GOODS;22
04/may;11;FRESH GOODS;23
03/may;11;FRESH GOODS;25
07/may;11;FRESH GOODS;25
05/may;11;FRESH GOODS;32
06/may;11;FRESH GOODS;33
02/may;11;DRY GOODS;39
03/may;11;DRY GOODS;44
04/may;11;DRY GOODS;49
06/may;11;DRY GOODS;50
05/may;11;DRY GOODS;64
07/may;12;DRY GOODS;26
02/may;12;FRESH GOODS;29
03/may;12;FRESH GOODS;31
04/may;12;FRESH GOODS;34
05/may;12;FRESH GOODS;39
07/may;12;FRESH GOODS;39
06/may;12;FRESH GOODS;51
02/may;12;DRY GOODS;60
03/may;12;DRY GOODS;62
06/may;12;DRY GOODS;62
04/may;12;DRY GOODS;65
05/may;12;DRY GOODS;67
02/may;13;FRESH GOODS;23
04/may;13;FRESH GOODS;28
03/may;13;FRESH GOODS;31
07/may;13;DRY GOODS;34
07/may;13;FRESH GOODS;34
05/may;13;FRESH GOODS;35
06/may;13;FRESH GOODS;37
06/may;13;DRY GOODS;49
02/may;13;DRY GOODS;57
04/may;13;DRY GOODS;59
03/may;13;DRY GOODS;60
05/may;13;DRY GOODS;69
02/may;201;FRESH GOODS;18
03/may;201;FRESH GOODS;21
07/may;201;FRESH GOODS;22
06/may;201;DRY GOODS;24
07/may;201;DRY GOODS;25
04/may;201;FRESH GOODS;25
05/may;201;FRESH GOODS;25
06/may;201;FRESH GOODS;25
04/may;201;DRY GOODS;27
05/may;201;DRY GOODS;28
02/may;201;DRY GOODS;32
03/may;201;DRY GOODS;34
02/may;202;FRESH GOODS;28
03/may;202;FRESH GOODS;32
04/may;202;FRESH GOODS;34
07/may;202;FRESH GOODS;35
05/may;202;FRESH GOODS;36
06/may;202;FRESH GOODS;37
04/may;202;DRY GOODS;52
06/may;202;DRY GOODS;52
07/may;202;DRY GOODS;54
05/may;202;DRY GOODS;55
02/may;202;DRY GOODS;61
03/may;202;DRY GOODS;62
03/may;205;FRESH GOODS;14
04/may;205;FRESH GOODS;14
02/may;205;FRESH GOODS;15
06/may;205;FRESH GOODS;18
07/may;205;FRESH GOODS;20
05/may;205;FRESH GOODS;23
04/may;205;DRY GOODS;24
03/may;205;DRY GOODS;25
02/may;205;DRY GOODS;29
07/may;205;DRY GOODS;30
05/may;205;DRY GOODS;32
06/may;205;DRY GOODS;33
03/may;206;FRESH GOODS;12
05/may;206;FRESH GOODS;13
02/may;206;FRESH GOODS;14
07/may;206;FRESH GOODS;14
04/may;206;FRESH GOODS;18
02/may;206;DRY GOODS;19
06/may;206;FRESH GOODS;19
04/may;206;DRY GOODS;21
05/may;206;DRY GOODS;22
07/may;206;DRY GOODS;22
06/may;206;DRY GOODS;26
03/may;206;DRY GOODS;27
02/may;207;FRESH GOODS;20
04/may;207;FRESH GOODS;20
03/may;207;FRESH GOODS;22
07/may;207;FRESH GOODS;22
05/may;207;FRESH GOODS;25
06/may;207;FRESH GOODS;25
02/may;207;DRY GOODS;38
03/may;207;DRY GOODS;43
06/may;207;DRY GOODS;45
05/may;207;DRY GOODS;48
04/may;207;DRY GOODS;61
02/may;208;FRESH GOODS;14
03/may;208;FRESH GOODS;14
04/may;208;FRESH GOODS;15
07/may;208;FRESH GOODS;15
04/may;208;DRY GOODS;17
07/may;208;DRY GOODS;17
05/may;208;DRY GOODS;19
05/may;208;FRESH GOODS;19
06/may;208;FRESH GOODS;19
06/may;208;DRY GOODS;20
03/may;208;DRY GOODS;26
02/may;208;DRY GOODS;31
02/may;212;FRESH GOODS;17
04/may;212;FRESH GOODS;18
03/may;212;FRESH GOODS;19
07/may;212;FRESH GOODS;21
05/may;212;FRESH GOODS;22
06/may;212;FRESH GOODS;26
02/may;212;DRY GOODS;46
03/may;212;DRY GOODS;46
06/may;212;DRY GOODS;48
04/may;212;DRY GOODS;58
05/may;212;DRY GOODS;58
02/may;213;FRESH GOODS;11
03/may;213;FRESH GOODS;12
04/may;213;FRESH GOODS;12
07/may;213;FRESH GOODS;12
05/may;213;FRESH GOODS;14
02/may;213;DRY GOODS;16
06/may;213;FRESH GOODS;16
03/may;213;DRY GOODS;19
05/may;213;DRY GOODS;23
04/may;213;DRY GOODS;26
06/may;213;DRY GOODS;26
02/may;214;FRESH GOODS;18
04/may;214;FRESH GOODS;18
03/may;214;FRESH GOODS;19
07/may;214;FRESH GOODS;20
05/may;214;FRESH GOODS;21
06/may;214;FRESH GOODS;23
02/may;214;DRY GOODS;32
05/may;214;DRY GOODS;38
04/may;214;DRY GOODS;39
03/may;214;DRY GOODS;41
06/may;214;DRY GOODS;46
02/may;215;FRESH GOODS;22
03/may;215;FRESH GOODS;23
07/may;215;FRESH GOODS;25
04/may;215;FRESH GOODS;27
05/may;215;FRESH GOODS;29
06/may;215;FRESH GOODS;31
07/may;215;DRY GOODS;36
02/may;215;DRY GOODS;37
04/may;215;DRY GOODS;46
03/may;215;DRY GOODS;50
06/may;215;DRY GOODS;57
05/may;215;DRY GOODS;61
02/may;217;FRESH GOODS;19
03/may;217;FRESH GOODS;21
04/may;217;FRESH GOODS;26
07/may;217;FRESH GOODS;27
05/may;217;FRESH GOODS;28
07/may;217;DRY GOODS;31
06/may;217;FRESH GOODS;33
04/may;217;DRY GOODS;41
02/may;217;DRY GOODS;44
03/may;217;DRY GOODS;45
05/may;217;DRY GOODS;46
06/may;217;DRY GOODS;50
02/may;218;FRESH GOODS;14
07/may;218;FRESH GOODS;16
05/may;218;FRESH GOODS;19
03/may;218;FRESH GOODS;21
06/may;218;FRESH GOODS;21
03/may;218;DRY GOODS;23
07/may;218;DRY GOODS;25
02/may;218;DRY GOODS;28
05/may;218;DRY GOODS;30
04/may;218;DRY GOODS;32
06/may;218;DRY GOODS;33
04/may;218;FRESH GOODS;49
03/may;220;FRESH GOODS;14
02/may;220;FRESH GOODS;15
04/may;220;FRESH GOODS;15
06/may;220;FRESH GOODS;16
05/may;220;FRESH GOODS;17
07/may;220;FRESH GOODS;17
04/may;220;DRY GOODS;27
02/may;220;DRY GOODS;29
03/may;220;DRY GOODS;29
05/may;220;DRY GOODS;29
06/may;220;DRY GOODS;31
07/may;220;DRY GOODS;56
02/may;221;FRESH GOODS;10
04/may;221;FRESH GOODS;14
07/may;221;FRESH GOODS;14
03/may;221;FRESH GOODS;18
03/may;221;DRY GOODS;20
02/may;221;DRY GOODS;22
04/may;221;DRY GOODS;22
05/may;221;FRESH GOODS;22
06/may;221;FRESH GOODS;22
06/may;221;DRY GOODS;24
05/may;221;DRY GOODS;28
02/may;223;FRESH GOODS;17
03/may;223;FRESH GOODS;17
04/may;223;FRESH GOODS;18
05/may;223;FRESH GOODS;19
07/may;223;FRESH GOODS;20
06/may;223;FRESH GOODS;24
03/may;223;DRY GOODS;32
07/may;223;DRY GOODS;35
04/may;223;DRY GOODS;36
05/may;223;DRY GOODS;40
06/may;223;DRY GOODS;40
02/may;223;DRY GOODS;43
03/may;229;FRESH GOODS;10
02/may;229;FRESH GOODS;12
05/may;229;FRESH GOODS;13
06/may;229;FRESH GOODS;14
07/may;229;FRESH GOODS;14
02/may;229;DRY GOODS;17
03/may;229;DRY GOODS;18
06/may;229;DRY GOODS;18
04/may;229;FRESH GOODS;18
05/may;229;DRY GOODS;19
04/may;229;DRY GOODS;20
07/may;229;DRY GOODS;20
02/may;232;FRESH GOODS;13
03/may;232;FRESH GOODS;15
04/may;232;FRESH GOODS;16
05/may;232;FRESH GOODS;18
07/may;232;FRESH GOODS;19
06/may;232;FRESH GOODS;20
07/may;232;DRY GOODS;26
02/may;232;DRY GOODS;27
04/may;232;DRY GOODS;32
03/may;232;DRY GOODS;33
06/may;232;DRY GOODS;33
05/may;232;DRY GOODS;39
04/may;233;FRESH GOODS;12
02/may;233;FRESH GOODS;13
03/may;233;FRESH GOODS;13
05/may;233;FRESH GOODS;14
07/may;233;FRESH GOODS;14
06/may;233;FRESH GOODS;15
04/may;233;DRY GOODS;18
05/may;233;DRY GOODS;18
06/may;233;DRY GOODS;18
03/may;233;DRY GOODS;21
07/may;233;DRY GOODS;23
02/may;233;DRY GOODS;26
03/may;234;FRESH GOODS;10
02/may;234;FRESH GOODS;11
04/may;234;FRESH GOODS;12
07/may;234;FRESH GOODS;12
05/may;234;FRESH GOODS;13
06/may;234;FRESH GOODS;13
03/may;234;DRY GOODS;16
06/may;234;DRY GOODS;16
05/may;234;DRY GOODS;17
04/may;234;DRY GOODS;18
07/may;234;DRY GOODS;18
02/may;234;DRY GOODS;19
03/may;237;FRESH GOODS;11
04/may;237;FRESH GOODS;11
07/may;237;FRESH GOODS;13
02/may;237;FRESH GOODS;14
05/may;237;FRESH GOODS;14
04/may;237;DRY GOODS;17
07/may;237;DRY GOODS;17
06/may;237;FRESH GOODS;17
02/may;237;DRY GOODS;19
03/may;237;DRY GOODS;19
06/may;237;DRY GOODS;26
05/may;237;DRY GOODS;32
03/may;238;FRESH GOODS;11
02/may;238;FRESH GOODS;12
04/may;238;FRESH GOODS;13
07/may;238;FRESH GOODS;15
05/may;238;FRESH GOODS;16
06/may;238;FRESH GOODS;17
02/may;238;DRY GOODS;20
03/may;238;DRY GOODS;21
04/may;238;DRY GOODS;21
05/may;238;DRY GOODS;23
06/may;238;DRY GOODS;24
07/may;238;DRY GOODS;25
03/may;240;FRESH GOODS;11
07/may;240;DRY GOODS;12
02/may;240;FRESH GOODS;12
07/may;240;FRESH GOODS;15
04/may;240;FRESH GOODS;16
06/may;240;FRESH GOODS;16
05/may;240;FRESH GOODS;17
03/may;240;DRY GOODS;18
04/may;240;DRY GOODS;20
02/may;240;DRY GOODS;23
05/may;240;DRY GOODS;29
06/may;240;DRY GOODS;35
02/may;241;FRESH GOODS;15
03/may;241;FRESH GOODS;17
04/may;241;FRESH GOODS;18
05/may;241;FRESH GOODS;19
07/may;241;FRESH GOODS;19
06/may;241;FRESH GOODS;20
03/may;241;DRY GOODS;32
02/may;241;DRY GOODS;33
04/may;241;DRY GOODS;37
05/may;241;DRY GOODS;39
06/may;241;DRY GOODS;43
02/may;246;FRESH GOODS;15
03/may;246;FRESH GOODS;16
04/may;246;FRESH GOODS;17
05/may;246;FRESH GOODS;20
07/may;246;FRESH GOODS;20
06/may;246;FRESH GOODS;24
04/may;246;DRY GOODS;26
03/may;246;DRY GOODS;27
07/may;246;DRY GOODS;27
02/may;246;DRY GOODS;33
05/may;246;DRY GOODS;34
06/may;246;DRY GOODS;35
02/may;251;FRESH GOODS;16
03/may;251;FRESH GOODS;16
05/may;251;FRESH GOODS;17
04/may;251;FRESH GOODS;18
04/may;251;DRY GOODS;19
07/may;251;FRESH GOODS;19
07/may;251;DRY GOODS;20
03/may;251;DRY GOODS;22
06/may;251;DRY GOODS;22
02/may;251;DRY GOODS;23
05/may;251;DRY GOODS;23
06/may;251;FRESH GOODS;28
02/may;252;FRESH GOODS;13
04/may;252;FRESH GOODS;13
05/may;252;FRESH GOODS;16
03/may;252;FRESH GOODS;17
07/may;252;FRESH GOODS;17
03/may;252;DRY GOODS;19
06/may;252;DRY GOODS;19
06/may;252;FRESH GOODS;19
07/may;252;DRY GOODS;20
02/may;252;DRY GOODS;21
04/may;252;DRY GOODS;23
05/may;252;DRY GOODS;28
02/may;253;FRESH GOODS;11
03/may;253;FRESH GOODS;12
04/may;253;FRESH GOODS;14
05/may;253;FRESH GOODS;15
07/may;253;FRESH GOODS;17
03/may;253;DRY GOODS;19
07/may;253;DRY GOODS;20
05/may;253;DRY GOODS;21
04/may;253;DRY GOODS;22
06/may;253;DRY GOODS;25
06/may;253;FRESH GOODS;50
02/may;253;DRY GOODS;63
03/may;255;FRESH GOODS;13
04/may;255;FRESH GOODS;13
05/may;255;FRESH GOODS;15
02/may;255;FRESH GOODS;16
06/may;255;FRESH GOODS;17
04/may;255;DRY GOODS;21
03/may;255;DRY GOODS;22
07/may;255;DRY GOODS;22
05/may;255;DRY GOODS;23
06/may;255;DRY GOODS;23
07/may;255;FRESH GOODS;23
02/may;255;DRY GOODS;27
03/may;256;FRESH GOODS;15
02/may;256;FRESH GOODS;16
04/may;256;FRESH GOODS;19
07/may;256;FRESH GOODS;21
06/may;256;FRESH GOODS;24
05/may;256;FRESH GOODS;27
07/may;256;DRY GOODS;32
04/may;256;DRY GOODS;33
02/may;256;DRY GOODS;34
03/may;256;DRY GOODS;36
05/may;256;DRY GOODS;36
06/may;256;DRY GOODS;36
02/may;258;FRESH GOODS;15
03/may;258;FRESH GOODS;17
04/may;258;FRESH GOODS;19
07/may;258;FRESH GOODS;19
06/may;258;FRESH GOODS;20
04/may;258;DRY GOODS;21
02/may;258;DRY GOODS;25
06/may;258;DRY GOODS;26
05/may;258;FRESH GOODS;27
05/may;258;DRY GOODS;28
03/may;258;DRY GOODS;30
07/may;258;DRY GOODS;30
02/may;259;FRESH GOODS;13
03/may;259;FRESH GOODS;13
04/may;259;FRESH GOODS;15
05/may;259;FRESH GOODS;16
06/may;259;FRESH GOODS;17
07/may;259;FRESH GOODS;18
02/may;259;DRY GOODS;21
03/may;259;DRY GOODS;21
04/may;259;DRY GOODS;22
07/may;259;DRY GOODS;24
05/may;259;DRY GOODS;28
06/may;259;DRY GOODS;28
03/may;260;FRESH GOODS;9
02/may;260;FRESH GOODS;11
04/may;260;FRESH GOODS;11
07/may;260;FRESH GOODS;12
05/may;260;FRESH GOODS;13
06/may;260;FRESH GOODS;13
03/may;260;DRY GOODS;15
05/may;260;DRY GOODS;17
02/may;260;DRY GOODS;22
06/may;260;DRY GOODS;23
04/may;260;DRY GOODS;26
04/may;266;FRESH GOODS;11
02/may;266;FRESH GOODS;12
07/may;266;FRESH GOODS;12
03/may;266;FRESH GOODS;13
05/may;266;FRESH GOODS;13
06/may;266;FRESH GOODS;15
03/may;266;DRY GOODS;23
07/may;266;DRY GOODS;23
02/may;266;DRY GOODS;25
04/may;266;DRY GOODS;25
05/may;266;DRY GOODS;25
06/may;266;DRY GOODS;31
03/may;269;FRESH GOODS;12
02/may;269;FRESH GOODS;14
04/may;269;FRESH GOODS;15
07/may;269;FRESH GOODS;17
06/may;269;FRESH GOODS;19
05/may;269;FRESH GOODS;20
07/may;269;DRY GOODS;24
02/may;269;DRY GOODS;26
06/may;269;DRY GOODS;29
03/may;269;DRY GOODS;30
05/may;269;DRY GOODS;31
04/may;269;DRY GOODS;32
03/may;270;FRESH GOODS;10
04/may;270;FRESH GOODS;12
05/may;270;FRESH GOODS;12
07/may;270;FRESH GOODS;12
02/may;270;FRESH GOODS;14
02/may;270;DRY GOODS;18
03/may;270;DRY GOODS;19
06/may;270;DRY GOODS;19
04/may;270;DRY GOODS;21
07/may;270;DRY GOODS;21
05/may;270;DRY GOODS;26
06/may;270;FRESH GOODS;41
02/may;271;FRESH GOODS;15
04/may;271;FRESH GOODS;15
03/may;271;FRESH GOODS;16
05/may;271;FRESH GOODS;17
07/may;271;FRESH GOODS;18
06/may;271;FRESH GOODS;19
03/may;271;DRY GOODS;21
04/may;271;DRY GOODS;24
05/may;271;DRY GOODS;26
06/may;271;DRY GOODS;28
07/may;271;DRY GOODS;29
02/may;271;DRY GOODS;32
02/may;278;FRESH GOODS;12
03/may;278;FRESH GOODS;12
04/may;278;FRESH GOODS;12
05/may;278;FRESH GOODS;14
07/may;278;FRESH GOODS;15
06/may;278;FRESH GOODS;16
04/may;278;DRY GOODS;20
06/may;278;DRY GOODS;21
02/may;278;DRY GOODS;22
07/may;278;DRY GOODS;22
03/may;278;DRY GOODS;23
05/may;278;DRY GOODS;26
03/may;279;FRESH GOODS;12
04/may;279;FRESH GOODS;12
02/may;279;FRESH GOODS;14
05/may;279;FRESH GOODS;16
06/may;279;FRESH GOODS;16
07/may;279;FRESH GOODS;16
02/may;279;DRY GOODS;17
04/may;279;DRY GOODS;23
03/may;279;DRY GOODS;24
05/may;279;DRY GOODS;24
06/may;279;DRY GOODS;31
02/may;283;FRESH GOODS;12
03/may;283;FRESH GOODS;12
04/may;283;FRESH GOODS;13
05/may;283;FRESH GOODS;14
07/may;283;FRESH GOODS;14
06/may;283;FRESH GOODS;16
03/may;283;DRY GOODS;19
04/may;283;DRY GOODS;21
02/may;283;DRY GOODS;22
07/may;283;DRY GOODS;23
05/may;283;DRY GOODS;24
06/may;283;DRY GOODS;27
03/may;284;FRESH GOODS;9
04/may;284;FRESH GOODS;11
05/may;284;FRESH GOODS;11
06/may;284;FRESH GOODS;11
07/may;284;FRESH GOODS;11
04/may;284;DRY GOODS;13
02/may;284;DRY GOODS;15
07/may;284;DRY GOODS;15
02/may;284;FRESH GOODS;17
06/may;284;DRY GOODS;20
05/may;284;DRY GOODS;23
03/may;284;DRY GOODS;46
02/may;289;FRESH GOODS;12
03/may;289;FRESH GOODS;12
04/may;289;FRESH GOODS;13
05/may;289;FRESH GOODS;14
07/may;289;FRESH GOODS;16
06/may;289;FRESH GOODS;20
03/may;289;DRY GOODS;22
07/may;289;DRY GOODS;22
02/may;289;DRY GOODS;23
04/may;289;DRY GOODS;27
05/may;289;DRY GOODS;27
06/may;289;DRY GOODS;29
03/may;291;FRESH GOODS;9
04/may;291;FRESH GOODS;10
05/may;291;FRESH GOODS;11
07/may;291;FRESH GOODS;11
02/may;291;FRESH GOODS;12
06/may;291;FRESH GOODS;14
02/may;291;DRY GOODS;17
04/may;291;DRY GOODS;17
07/may;291;DRY GOODS;17
03/may;291;DRY GOODS;18
05/may;291;DRY GOODS;18
06/may;291;DRY GOODS;18
04/may;294;FRESH GOODS;12
03/may;294;FRESH GOODS;15
05/may;294;FRESH GOODS;15
02/may;294;FRESH GOODS;16
06/may;294;FRESH GOODS;17
04/may;294;DRY GOODS;22
03/may;294;DRY GOODS;24
07/may;294;FRESH GOODS;24
05/may;294;DRY GOODS;25
07/may;294;DRY GOODS;25
02/may;294;DRY GOODS;26
06/may;294;DRY GOODS;27
02/may;296;FRESH GOODS;11
03/may;296;FRESH GOODS;11
04/may;296;FRESH GOODS;14
05/may;296;FRESH GOODS;15
06/may;296;FRESH GOODS;15
07/may;296;FRESH GOODS;15
06/may;296;DRY GOODS;17
03/may;296;DRY GOODS;18
07/may;296;DRY GOODS;18
04/may;296;DRY GOODS;20
02/may;296;DRY GOODS;21
05/may;296;DRY GOODS;21
02/may;297;FRESH GOODS;12
04/may;297;FRESH GOODS;12
03/may;297;FRESH GOODS;13
05/may;297;FRESH GOODS;14
07/may;297;FRESH GOODS;14
07/may;297;DRY GOODS;17
03/may;297;DRY GOODS;18
06/may;297;FRESH GOODS;20
05/may;297;DRY GOODS;22
04/may;297;DRY GOODS;23
02/may;297;DRY GOODS;24
06/may;297;DRY GOODS;24
02/may;298;FRESH GOODS;11
04/may;298;FRESH GOODS;11
03/may;298;FRESH GOODS;12
07/may;298;FRESH GOODS;13
06/may;298;FRESH GOODS;14
02/may;298;DRY GOODS;18
03/may;298;DRY GOODS;18
04/may;298;DRY GOODS;22
05/may;298;DRY GOODS;22
06/may;298;DRY GOODS;25
05/may;298;FRESH GOODS;25
04/may;303;DRY GOODS;6
05/may;303;FRESH GOODS;9
07/may;303;FRESH GOODS;9
03/may;303;DRY GOODS;10
02/may;303;DRY GOODS;11
06/may;303;DRY GOODS;11
07/may;303;DRY GOODS;11
02/may;303;FRESH GOODS;11
03/may;303;FRESH GOODS;11
04/may;303;FRESH GOODS;11
06/may;303;FRESH GOODS;11
05/may;303;DRY GOODS;14
02/may;309;FRESH GOODS;8
05/may;309;FRESH GOODS;8
07/may;309;DRY GOODS;9
03/may;309;FRESH GOODS;9
07/may;309;FRESH GOODS;9
04/may;309;DRY GOODS;10
04/may;309;FRESH GOODS;10
06/may;309;FRESH GOODS;10
02/may;309;DRY GOODS;11
03/may;309;DRY GOODS;11
05/may;309;DRY GOODS;11
06/may;309;DRY GOODS;12
03/may;312;FRESH GOODS;5
05/may;312;FRESH GOODS;5
04/may;312;FRESH GOODS;7
05/may;312;DRY GOODS;8
03/may;312;DRY GOODS;9
02/may;312;FRESH GOODS;9
06/may;312;FRESH GOODS;9
04/may;312;DRY GOODS;10
07/may;312;DRY GOODS;10
06/may;312;DRY GOODS;11
07/may;312;FRESH GOODS;13
02/may;312;DRY GOODS;16
05/may;313;FRESH GOODS;7
06/may;313;FRESH GOODS;8
02/may;313;FRESH GOODS;9
03/may;313;FRESH GOODS;9
07/may;313;DRY GOODS;10
02/may;313;DRY GOODS;11
03/may;313;DRY GOODS;11
07/may;313;FRESH GOODS;11
04/may;313;DRY GOODS;12
06/may;313;DRY GOODS;12
05/may;313;DRY GOODS;13
04/may;313;FRESH GOODS;19
03/may;320;FRESH GOODS;8
06/may;320;FRESH GOODS;8
02/may;320;FRESH GOODS;10
04/may;320;FRESH GOODS;10
07/may;320;FRESH GOODS;10
02/may;320;DRY GOODS;12
06/may;320;DRY GOODS;12
07/may;320;DRY GOODS;12
03/may;320;DRY GOODS;13
04/may;320;DRY GOODS;14
05/may;320;DRY GOODS;14
05/may;320;FRESH GOODS;16
03/may;321;FRESH GOODS;6
05/may;321;FRESH GOODS;6
04/may;321;FRESH GOODS;8
07/may;321;FRESH GOODS;8
05/may;321;DRY GOODS;10
02/may;321;FRESH GOODS;10
06/may;321;FRESH GOODS;10
02/may;321;DRY GOODS;11
06/may;321;DRY GOODS;19
04/may;321;DRY GOODS;33
07/may;321;DRY GOODS;38
03/may;321;DRY GOODS;47
02/may;322;FRESH GOODS;7
07/may;322;FRESH GOODS;7
04/may;322;FRESH GOODS;8
05/may;322;FRESH GOODS;8
03/may;322;FRESH GOODS;9
05/may;322;DRY GOODS;11
06/may;322;DRY GOODS;11
02/may;322;DRY GOODS;12
03/may;322;DRY GOODS;12
07/may;322;DRY GOODS;12
04/may;322;DRY GOODS;13
06/may;322;FRESH GOODS;16
02/may;323;FRESH GOODS;6
03/may;323;FRESH GOODS;8
05/may;323;FRESH GOODS;9
04/may;323;FRESH GOODS;10
06/may;323;FRESH GOODS;10
07/may;323;FRESH GOODS;10
04/may;323;DRY GOODS;11
06/may;323;DRY GOODS;11
03/may;323;DRY GOODS;12
05/may;323;DRY GOODS;13
02/may;323;DRY GOODS;20
04/may;327;FRESH GOODS;8
05/may;327;FRESH GOODS;9
02/may;327;FRESH GOODS;10
03/may;327;FRESH GOODS;10
06/may;327;DRY GOODS;11
07/may;327;FRESH GOODS;12
02/may;327;DRY GOODS;13
03/may;327;DRY GOODS;13
07/may;327;DRY GOODS;13
04/may;327;DRY GOODS;14
05/may;327;DRY GOODS;14
06/may;327;FRESH GOODS;14
07/may;331;DRY GOODS;13
03/may;331;FRESH GOODS;13
04/may;331;FRESH GOODS;13
05/may;331;FRESH GOODS;13
04/may;331;DRY GOODS;15
07/may;331;FRESH GOODS;15
06/may;331;DRY GOODS;16
03/may;331;DRY GOODS;17
06/may;331;FRESH GOODS;17
02/may;331;DRY GOODS;20
02/may;331;FRESH GOODS;20
05/may;331;DRY GOODS;69
02/may;335;FRESH GOODS;8
03/may;335;FRESH GOODS;8
04/may;335;FRESH GOODS;9
05/may;335;FRESH GOODS;10
06/may;335;FRESH GOODS;10
07/may;335;FRESH GOODS;11
04/may;335;DRY GOODS;12
03/may;335;DRY GOODS;13
05/may;335;DRY GOODS;13
02/may;335;DRY GOODS;14
06/may;335;DRY GOODS;14
07/may;335;DRY GOODS;14
02/may;336;FRESH GOODS;9
03/may;336;FRESH GOODS;9
04/may;336;FRESH GOODS;9
06/may;336;FRESH GOODS;11
02/may;336;DRY GOODS;12
03/may;336;DRY GOODS;12
05/may;336;FRESH GOODS;12
04/may;336;DRY GOODS;13
05/may;336;DRY GOODS;14
06/may;336;DRY GOODS;14
07/may;336;DRY GOODS;14
07/may;336;FRESH GOODS;16
03/may;375;FRESH GOODS;10
02/may;375;FRESH GOODS;11
04/may;375;FRESH GOODS;12
05/may;375;FRESH GOODS;14
07/may;375;FRESH GOODS;14
06/may;375;FRESH GOODS;16
04/may;375;DRY GOODS;18
03/may;375;DRY GOODS;19
06/may;375;DRY GOODS;19
07/may;375;DRY GOODS;19
02/may;375;DRY GOODS;22
05/may;375;DRY GOODS;26
03/may;379;FRESH GOODS;13
04/may;379;FRESH GOODS;14
02/may;379;FRESH GOODS;16
05/may;379;FRESH GOODS;18
07/may;379;FRESH GOODS;18
06/may;379;FRESH GOODS;19
03/may;379;DRY GOODS;25
02/may;379;DRY GOODS;26
07/may;379;DRY GOODS;26
04/may;379;DRY GOODS;27
05/may;379;DRY GOODS;30
06/may;379;DRY GOODS;31
02/may;389;FRESH GOODS;11
03/may;389;FRESH GOODS;12
04/may;389;FRESH GOODS;13
05/may;389;FRESH GOODS;13
07/may;389;FRESH GOODS;13
03/may;389;DRY GOODS;17
04/may;389;DRY GOODS;19
06/may;389;FRESH GOODS;19
07/may;389;DRY GOODS;20
06/may;389;DRY GOODS;22
02/may;389;DRY GOODS;23
05/may;389;DRY GOODS;25
07/may;439;DRY GOODS;11
02/may;439;FRESH GOODS;11
04/may;439;FRESH GOODS;12
05/may;439;FRESH GOODS;14
07/may;439;FRESH GOODS;16
06/may;439;FRESH GOODS;19
03/may;439;FRESH GOODS;24
03/may;439;DRY GOODS;25
04/may;439;DRY GOODS;25
06/may;439;DRY GOODS;26
02/may;439;DRY GOODS;30
05/may;439;DRY GOODS;43
02/may;446;FRESH GOODS;17
07/may;446;DRY GOODS;21
04/may;446;FRESH GOODS;22
03/may;446;FRESH GOODS;23
05/may;446;FRESH GOODS;25
06/may;446;FRESH GOODS;25
07/may;446;FRESH GOODS;26
06/may;446;DRY GOODS;27
02/may;446;DRY GOODS;29
03/may;446;DRY GOODS;35
05/may;446;DRY GOODS;37
04/may;446;DRY GOODS;39
02/may;461;FRESH GOODS;21
03/may;461;FRESH GOODS;29
04/may;461;FRESH GOODS;29
05/may;461;FRESH GOODS;32
07/may;461;FRESH GOODS;34
07/may;461;DRY GOODS;39
06/may;461;FRESH GOODS;40
06/may;461;DRY GOODS;53
02/may;461;DRY GOODS;55
05/may;461;DRY GOODS;61
03/may;461;DRY GOODS;65
04/may;461;DRY GOODS;76
04/may;462;FRESH GOODS;20
02/may;462;FRESH GOODS;21
03/may;462;FRESH GOODS;24
07/may;462;FRESH GOODS;26
05/may;462;FRESH GOODS;29
06/may;462;FRESH GOODS;33
06/may;462;DRY GOODS;38
07/may;462;DRY GOODS;38
05/may;462;DRY GOODS;61
02/may;462;DRY GOODS;63
03/may;462;DRY GOODS;64
04/may;462;DRY GOODS;64
07/may;463;DRY GOODS;34
07/may;463;FRESH GOODS;37
02/may;463;FRESH GOODS;41
03/may;463;FRESH GOODS;41
04/may;463;FRESH GOODS;47
05/may;463;FRESH GOODS;51
06/may;463;DRY GOODS;54
06/may;463;FRESH GOODS;55
02/may;463;DRY GOODS;85
04/may;463;DRY GOODS;89
05/may;463;DRY GOODS;97
03/may;463;DRY GOODS;107
07/may;464;DRY GOODS;33
07/may;464;FRESH GOODS;33
02/may;464;FRESH GOODS;38
03/may;464;FRESH GOODS;46
04/may;464;FRESH GOODS;52
05/may;464;FRESH GOODS;52
06/may;464;DRY GOODS;55
06/may;464;FRESH GOODS;57
04/may;464;DRY GOODS;83
02/may;464;DRY GOODS;85
05/may;464;DRY GOODS;88
03/may;464;DRY GOODS;122
04/may;468;FRESH GOODS;12
02/may;468;FRESH GOODS;13
07/may;468;DRY GOODS;14
03/may;468;FRESH GOODS;15
07/may;468;FRESH GOODS;15
05/may;468;FRESH GOODS;16
06/may;468;FRESH GOODS;17
04/may;468;DRY GOODS;25
06/may;468;DRY GOODS;25
03/may;468;DRY GOODS;27
02/may;468;DRY GOODS;32
05/may;468;DRY GOODS;35
02/may;494;FRESH GOODS;11
03/may;494;FRESH GOODS;11
07/may;494;FRESH GOODS;12
04/may;494;FRESH GOODS;13
05/may;494;FRESH GOODS;15
06/may;494;FRESH GOODS;18
03/may;494;DRY GOODS;21
02/may;494;DRY GOODS;22
05/may;494;DRY GOODS;27
06/may;494;DRY GOODS;27
04/may;494;DRY GOODS;31
02/may;927;FRESH GOODS;20
04/may;927;FRESH GOODS;20
03/may;927;FRESH GOODS;21
07/may;927;FRESH GOODS;22
07/may;927;DRY GOODS;24
05/may;927;FRESH GOODS;24
06/may;927;FRESH GOODS;24
04/may;927;DRY GOODS;36
03/may;927;DRY GOODS;37
06/may;927;DRY GOODS;42
02/may;927;DRY GOODS;46
05/may;927;DRY GOODS;71
07/may;1051;DRY GOODS;20
02/may;1051;FRESH GOODS;20
04/may;1051;FRESH GOODS;22
03/may;1051;FRESH GOODS;23
05/may;1051;FRESH GOODS;23
07/may;1051;FRESH GOODS;23
06/may;1051;FRESH GOODS;25
02/may;1051;DRY GOODS;26
04/may;1051;DRY GOODS;28
05/may;1051;DRY GOODS;32
06/may;1051;DRY GOODS;32
03/may;1051;DRY GOODS;36
04/may;1054;FRESH GOODS;15
07/may;1054;FRESH GOODS;15
05/may;1054;FRESH GOODS;16
02/may;1054;FRESH GOODS;19
03/may;1054;FRESH GOODS;19
06/may;1054;FRESH GOODS;19
02/may;1054;DRY GOODS;20
07/may;1054;DRY GOODS;20
03/may;1054;DRY GOODS;23
05/may;1054;DRY GOODS;23
04/may;1054;DRY GOODS;24
06/may;1054;DRY GOODS;28
02/may;1057;FRESH GOODS;10
03/may;1057;FRESH GOODS;11
04/may;1057;FRESH GOODS;12
05/may;1057;FRESH GOODS;13
06/may;1057;FRESH GOODS;13
02/may;1057;DRY GOODS;16
07/may;1057;FRESH GOODS;16
03/may;1057;DRY GOODS;17
07/may;1057;DRY GOODS;17
04/may;1057;DRY GOODS;20
05/may;1057;DRY GOODS;22
06/may;1057;DRY GOODS;42
03/may;1058;FRESH GOODS;13
02/may;1058;FRESH GOODS;15
05/may;1058;FRESH GOODS;16
04/may;1058;FRESH GOODS;17
07/may;1058;FRESH GOODS;17
06/may;1058;FRESH GOODS;19
04/may;1058;DRY GOODS;20
07/may;1058;DRY GOODS;20
03/may;1058;DRY GOODS;22
02/may;1058;DRY GOODS;27
05/may;1058;DRY GOODS;27
06/may;1058;DRY GOODS;33
03/may;1391;FRESH GOODS;10
04/may;1391;FRESH GOODS;10
02/may;1391;FRESH GOODS;13
06/may;1391;FRESH GOODS;14
05/may;1391;FRESH GOODS;16
03/may;1391;DRY GOODS;17
07/may;1391;DRY GOODS;17
02/may;1391;DRY GOODS;19
05/may;1391;DRY GOODS;20
07/may;1391;FRESH GOODS;21
06/may;1391;DRY GOODS;24
04/may;1391;DRY GOODS;25
02/may;1392;FRESH GOODS;12
04/may;1392;FRESH GOODS;13
05/may;1392;FRESH GOODS;13
07/may;1392;FRESH GOODS;13
06/may;1392;FRESH GOODS;16
03/may;1392;DRY GOODS;19
03/may;1392;FRESH GOODS;20
04/may;1392;DRY GOODS;21
02/may;1392;DRY GOODS;22
07/may;1392;DRY GOODS;22
05/may;1392;DRY GOODS;25
06/may;1392;DRY GOODS;29
02/may;1397;FRESH GOODS;11
05/may;1397;FRESH GOODS;11
03/may;1397;FRESH GOODS;12
07/may;1397;FRESH GOODS;12
02/may;1397;DRY GOODS;14
04/may;1397;DRY GOODS;15
06/may;1397;FRESH GOODS;15
03/may;1397;DRY GOODS;16
05/may;1397;DRY GOODS;17
04/may;1397;FRESH GOODS;17
06/may;1397;DRY GOODS;20
02/may;1415;FRESH GOODS;13
04/may;1415;FRESH GOODS;14
03/may;1415;FRESH GOODS;16
05/may;1415;FRESH GOODS;17
07/may;1415;FRESH GOODS;18
06/may;1415;FRESH GOODS;20
03/may;1415;DRY GOODS;22
02/may;1415;DRY GOODS;26
07/may;1415;DRY GOODS;28
04/may;1415;DRY GOODS;29
06/may;1415;DRY GOODS;30
05/may;1415;DRY GOODS;32
02/may;1503;FRESH GOODS;10
03/may;1503;FRESH GOODS;11
05/may;1503;FRESH GOODS;12
04/may;1503;FRESH GOODS;13
06/may;1503;FRESH GOODS;13
07/may;1503;FRESH GOODS;14
03/may;1503;DRY GOODS;18
04/may;1503;DRY GOODS;18
07/may;1503;DRY GOODS;18
02/may;1503;DRY GOODS;20
06/may;1503;DRY GOODS;21
05/may;1503;DRY GOODS;22
07/may;1700;DRY GOODS;17
02/may;1700;FRESH GOODS;17
04/may;1700;FRESH GOODS;19
05/may;1700;FRESH GOODS;21
06/may;1700;FRESH GOODS;21
07/may;1700;FRESH GOODS;22
03/may;1700;FRESH GOODS;23
06/may;1700;DRY GOODS;24
03/may;1700;DRY GOODS;25
04/may;1700;DRY GOODS;27
05/may;1700;DRY GOODS;28
02/may;1700;DRY GOODS;29
07/may;1706;DRY GOODS;12
02/may;1706;FRESH GOODS;13
03/may;1706;FRESH GOODS;13
05/may;1706;FRESH GOODS;14
04/may;1706;FRESH GOODS;17
07/may;1706;FRESH GOODS;17
03/may;1706;DRY GOODS;18
04/may;1706;DRY GOODS;18
02/may;1706;DRY GOODS;19
05/may;1706;DRY GOODS;19
06/may;1706;FRESH GOODS;19
06/may;1706;DRY GOODS;29
06/may;1707;FRESH GOODS;11
07/may;1707;FRESH GOODS;12
03/may;1707;FRESH GOODS;13
04/may;1707;FRESH GOODS;13
03/may;1707;DRY GOODS;14
02/may;1707;FRESH GOODS;14
05/may;1707;FRESH GOODS;14
04/may;1707;DRY GOODS;15
02/may;1707;DRY GOODS;17
05/may;1707;DRY GOODS;17
06/may;1707;DRY GOODS;17
07/may;1707;DRY GOODS;38
05/may;1715;FRESH GOODS;9
04/may;1715;FRESH GOODS;10
04/may;1715;DRY GOODS;11
07/may;1715;FRESH GOODS;11
06/may;1715;DRY GOODS;13
03/may;1715;FRESH GOODS;13
03/may;1715;DRY GOODS;14
07/may;1715;DRY GOODS;14
06/may;1715;FRESH GOODS;15
02/may;1715;DRY GOODS;17
02/may;1715;FRESH GOODS;18
05/may;1715;DRY GOODS;22
04/may;1902;FRESH GOODS;9
03/may;1902;FRESH GOODS;10
07/may;1902;FRESH GOODS;10
06/may;1902;FRESH GOODS;12
03/may;1902;DRY GOODS;13
05/may;1902;DRY GOODS;14
04/may;1902;DRY GOODS;15
07/may;1902;DRY GOODS;15
02/may;1902;FRESH GOODS;15
05/may;1902;FRESH GOODS;15
02/may;1902;DRY GOODS;17
06/may;1902;DRY GOODS;17
06/may;1904;DRY GOODS;4
07/may;1904;DRY GOODS;8
03/may;1904;DRY GOODS;9
02/may;1904;FRESH GOODS;10
03/may;1904;FRESH GOODS;10
04/may;1904;FRESH GOODS;10
02/may;1904;DRY GOODS;11
04/may;1904;DRY GOODS;11
05/may;1904;DRY GOODS;11
05/may;1904;FRESH GOODS;11
06/may;1904;FRESH GOODS;12
07/may;1904;FRESH GOODS;44
03/may;1906;FRESH GOODS;12
04/may;1906;FRESH GOODS;13
02/may;1906;FRESH GOODS;14
05/may;1906;FRESH GOODS;15
06/may;1906;FRESH GOODS;16
07/may;1906;FRESH GOODS;16
06/may;1906;DRY GOODS;23
04/may;1906;DRY GOODS;24
07/may;1906;DRY GOODS;26
03/may;1906;DRY GOODS;28
05/may;1906;DRY GOODS;29
02/may;1906;DRY GOODS;33
03/may;1908;FRESH GOODS;11
02/may;1908;FRESH GOODS;12
06/may;1908;FRESH GOODS;13
07/may;1908;DRY GOODS;14
05/may;1908;FRESH GOODS;15
06/may;1908;DRY GOODS;16
04/may;1908;DRY GOODS;17
04/may;1908;FRESH GOODS;17
02/may;1908;DRY GOODS;18
03/may;1908;DRY GOODS;18
07/may;1908;FRESH GOODS;20
05/may;1908;DRY GOODS;21
02/may;1909;FRESH GOODS;10
03/may;1909;FRESH GOODS;12
04/may;1909;FRESH GOODS;14
06/may;1909;FRESH GOODS;14
07/may;1909;FRESH GOODS;14
05/may;1909;FRESH GOODS;16
03/may;1909;DRY GOODS;19
06/may;1909;DRY GOODS;19
04/may;1909;DRY GOODS;20
05/may;1909;DRY GOODS;21
02/may;1909;DRY GOODS;23
07/may;1909;DRY GOODS;58
02/may;1910;FRESH GOODS;10
03/may;1910;FRESH GOODS;12
04/may;1910;FRESH GOODS;13
05/may;1910;FRESH GOODS;13
06/may;1910;FRESH GOODS;13
07/may;1910;DRY GOODS;16
07/may;1910;FRESH GOODS;16
04/may;1910;DRY GOODS;19
06/may;1910;DRY GOODS;19
05/may;1910;DRY GOODS;20
02/may;1910;DRY GOODS;21
03/may;1910;DRY GOODS;21
02/may;1911;FRESH GOODS;10
03/may;1911;FRESH GOODS;12
05/may;1911;FRESH GOODS;12
07/may;1911;FRESH GOODS;12
07/may;1911;DRY GOODS;13
06/may;1911;FRESH GOODS;13
03/may;1911;DRY GOODS;17
04/may;1911;FRESH GOODS;17
04/may;1911;DRY GOODS;18
06/may;1911;DRY GOODS;19
02/may;1911;DRY GOODS;25
05/may;1911;DRY GOODS;28
04/may;1978;FRESH GOODS;15
03/may;1978;FRESH GOODS;17
07/may;1978;FRESH GOODS;18
02/may;1978;FRESH GOODS;19
05/may;1978;FRESH GOODS;20
06/may;1978;FRESH GOODS;20
07/may;1978;DRY GOODS;25
05/may;1978;DRY GOODS;29
06/may;1978;DRY GOODS;29
02/may;1978;DRY GOODS;33
04/may;1978;DRY GOODS;37
03/may;1978;DRY GOODS;44
02/may;1981;FRESH GOODS;11
03/may;1981;FRESH GOODS;11
07/may;1981;FRESH GOODS;12
07/may;1981;DRY GOODS;13
03/may;1981;DRY GOODS;14
04/may;1981;FRESH GOODS;14
06/may;1981;FRESH GOODS;14
05/may;1981;FRESH GOODS;15
02/may;1981;DRY GOODS;17
04/may;1981;DRY GOODS;17
06/may;1981;DRY GOODS;19
05/may;1981;DRY GOODS;20
02/may;1985;FRESH GOODS;12
03/may;1985;FRESH GOODS;12
04/may;1985;FRESH GOODS;14
06/may;1985;FRESH GOODS;15
07/may;1985;FRESH GOODS;15
07/may;1985;DRY GOODS;16
04/may;1985;DRY GOODS;17
06/may;1985;DRY GOODS;17
03/may;1985;DRY GOODS;20
05/may;1985;DRY GOODS;20
02/may;1985;DRY GOODS;21
05/may;1985;FRESH GOODS;25
02/may;2076;FRESH GOODS;11
03/may;2076;FRESH GOODS;12
05/may;2076;FRESH GOODS;12
07/may;2076;FRESH GOODS;12
04/may;2076;FRESH GOODS;13
07/may;2076;DRY GOODS;15
03/may;2076;DRY GOODS;16
06/may;2076;FRESH GOODS;16
05/may;2076;DRY GOODS;19
04/may;2076;DRY GOODS;20
06/may;2076;DRY GOODS;20
02/may;2076;DRY GOODS;21
03/may;2401;DRY GOODS;5
02/may;2401;DRY GOODS;8
04/may;2401;DRY GOODS;8
05/may;2401;DRY GOODS;8
07/may;2401;DRY GOODS;8
04/may;2401;FRESH GOODS;8
06/may;2401;DRY GOODS;9
03/may;2401;FRESH GOODS;9
02/may;2401;FRESH GOODS;10
07/may;2401;FRESH GOODS;10
05/may;2401;FRESH GOODS;12
06/may;2401;FRESH GOODS;14
07/may;2596;DRY GOODS;7
02/may;2596;FRESH GOODS;9
02/may;2596;DRY GOODS;10
05/may;2596;DRY GOODS;10
03/may;2596;FRESH GOODS;10
06/may;2596;DRY GOODS;11
06/may;2596;FRESH GOODS;11
03/may;2596;DRY GOODS;12
04/may;2596;FRESH GOODS;12
07/may;2596;FRESH GOODS;12
05/may;2596;FRESH GOODS;13
04/may;2596;DRY GOODS;14
02/may;2632;FRESH GOODS;20
03/may;2632;FRESH GOODS;21
04/may;2632;FRESH GOODS;22
05/may;2632;FRESH GOODS;22
07/may;2632;FRESH GOODS;24
07/may;2632;DRY GOODS;29
03/may;2632;DRY GOODS;37
04/may;2632;DRY GOODS;39
02/may;2632;DRY GOODS;40
05/may;2632;DRY GOODS;40
06/may;2632;DRY GOODS;43
06/may;2632;FRESH GOODS;58
02/may;2692;FRESH GOODS;9
03/may;2692;FRESH GOODS;10
04/may;2692;FRESH GOODS;10
05/may;2692;FRESH GOODS;10
07/may;2692;DRY GOODS;11
06/may;2692;FRESH GOODS;12
07/may;2692;FRESH GOODS;12
03/may;2692;DRY GOODS;13
04/may;2692;DRY GOODS;14
05/may;2692;DRY GOODS;15
02/may;2692;DRY GOODS;16
06/may;2692;DRY GOODS;19
03/may;2756;DRY GOODS;8
07/may;2756;DRY GOODS;11
04/may;2756;DRY GOODS;12
06/may;2756;DRY GOODS;12
05/may;2756;FRESH GOODS;12
02/may;2756;DRY GOODS;13
03/may;2756;FRESH GOODS;13
02/may;2756;FRESH GOODS;14
04/may;2756;FRESH GOODS;14
06/may;2756;FRESH GOODS;14
05/may;2756;DRY GOODS;15
07/may;2756;FRESH GOODS;15
03/may;2864;FRESH GOODS;12
04/may;2864;FRESH GOODS;13
02/may;2864;FRESH GOODS;14
07/may;2864;DRY GOODS;16
05/may;2864;FRESH GOODS;16
06/may;2864;FRESH GOODS;16
07/may;2864;FRESH GOODS;17
03/may;2864;DRY GOODS;21
04/may;2864;DRY GOODS;21
05/may;2864;DRY GOODS;21
06/may;2864;DRY GOODS;21
02/may;2864;DRY GOODS;24
07/may;3191;DRY GOODS;10
05/may;3191;FRESH GOODS;10
07/may;3191;FRESH GOODS;10
05/may;3191;DRY GOODS;11
03/may;3191;FRESH GOODS;11
04/may;3191;DRY GOODS;12
06/may;3191;FRESH GOODS;12
04/may;3191;FRESH GOODS;13
06/may;3191;DRY GOODS;14
02/may;3191;DRY GOODS;15
03/may;3191;DRY GOODS;17
02/may;3191;FRESH GOODS;18
03/may;3192;FRESH GOODS;13
02/may;3192;FRESH GOODS;15
05/may;3192;FRESH GOODS;16
07/may;3192;FRESH GOODS;17
04/may;3192;FRESH GOODS;18
06/may;3192;FRESH GOODS;18
02/may;3192;DRY GOODS;25
03/may;3192;DRY GOODS;25
06/may;3192;DRY GOODS;26
07/may;3192;DRY GOODS;28
04/may;3192;DRY GOODS;31
05/may;3192;DRY GOODS;33
03/may;3332;FRESH GOODS;6
02/may;3332;FRESH GOODS;9
06/may;3332;FRESH GOODS;9
05/may;3332;FRESH GOODS;10
05/may;3332;DRY GOODS;11
04/may;3332;FRESH GOODS;11
07/may;3332;FRESH GOODS;11
02/may;3332;DRY GOODS;12
03/may;3332;DRY GOODS;12
04/may;3332;DRY GOODS;12
07/may;3332;DRY GOODS;12
06/may;3332;DRY GOODS;16
02/may;3368;FRESH GOODS;10
03/may;3368;FRESH GOODS;12
07/may;3368;DRY GOODS;13
04/may;3368;FRESH GOODS;14
05/may;3368;FRESH GOODS;15
07/may;3368;FRESH GOODS;15
03/may;3368;DRY GOODS;16
04/may;3368;DRY GOODS;17
05/may;3368;DRY GOODS;17
06/may;3368;DRY GOODS;17
06/may;3368;FRESH GOODS;17
02/may;3368;DRY GOODS;29
03/may;3386;FRESH GOODS;8
04/may;3386;FRESH GOODS;10
05/may;3386;FRESH GOODS;10
06/may;3386;FRESH GOODS;11
03/may;3386;DRY GOODS;12
07/may;3386;DRY GOODS;12
02/may;3386;FRESH GOODS;12
05/may;3386;DRY GOODS;13
06/may;3386;DRY GOODS;13
07/may;3386;FRESH GOODS;13
02/may;3386;DRY GOODS;15
04/may;3386;DRY GOODS;17
02/may;3387;FRESH GOODS;13
04/may;3387;FRESH GOODS;15
03/may;3387;FRESH GOODS;16
07/may;3387;FRESH GOODS;17
05/may;3387;FRESH GOODS;18
06/may;3387;FRESH GOODS;19
03/may;3387;DRY GOODS;22
07/may;3387;DRY GOODS;22
04/may;3387;DRY GOODS;23
02/may;3387;DRY GOODS;24
05/may;3387;DRY GOODS;32
06/may;3387;DRY GOODS;32
03/may;3395;FRESH GOODS;10
05/may;3395;FRESH GOODS;10
02/may;3395;FRESH GOODS;11
06/may;3395;FRESH GOODS;11
04/may;3395;FRESH GOODS;13
07/may;3395;FRESH GOODS;13
03/may;3395;DRY GOODS;15
06/may;3395;DRY GOODS;16
07/may;3395;DRY GOODS;16
04/may;3395;DRY GOODS;17
02/may;3395;DRY GOODS;19
05/may;3395;DRY GOODS;19
04/may;3464;FRESH GOODS;11
05/may;3464;FRESH GOODS;11
03/may;3464;FRESH GOODS;12
06/may;3464;FRESH GOODS;12
07/may;3464;FRESH GOODS;13
07/may;3464;DRY GOODS;16
03/may;3464;DRY GOODS;17
02/may;3464;FRESH GOODS;18
06/may;3464;DRY GOODS;19
02/may;3464;DRY GOODS;20
04/may;3464;DRY GOODS;20
05/may;3464;DRY GOODS;22
02/may;3466;FRESH GOODS;13
03/may;3466;FRESH GOODS;14
04/may;3466;FRESH GOODS;14
07/may;3466;FRESH GOODS;16
05/may;3466;FRESH GOODS;17
06/may;3466;FRESH GOODS;17
07/may;3466;DRY GOODS;18
03/may;3466;DRY GOODS;22
04/may;3466;DRY GOODS;24
02/may;3466;DRY GOODS;25
06/may;3466;DRY GOODS;25
05/may;3466;DRY GOODS;30
02/may;3473;FRESH GOODS;13
03/may;3473;FRESH GOODS;14
04/may;3473;FRESH GOODS;15
06/may;3473;FRESH GOODS;20
07/may;3473;FRESH GOODS;20
07/may;3473;DRY GOODS;22
05/may;3473;FRESH GOODS;23
02/may;3473;DRY GOODS;24
03/may;3473;DRY GOODS;27
04/may;3473;DRY GOODS;27
06/may;3473;DRY GOODS;29
05/may;3473;DRY GOODS;32
02/may;3573;FRESH GOODS;9
03/may;3573;FRESH GOODS;11
04/may;3573;FRESH GOODS;11
06/may;3573;FRESH GOODS;12
07/may;3573;FRESH GOODS;14
03/may;3573;DRY GOODS;15
04/may;3573;DRY GOODS;16
05/may;3573;DRY GOODS;16
06/may;3573;DRY GOODS;16
05/may;3573;FRESH GOODS;16
07/may;3573;DRY GOODS;17
02/may;3573;DRY GOODS;20
02/may;3583;FRESH GOODS;12
03/may;3583;FRESH GOODS;12
04/may;3583;FRESH GOODS;13
05/may;3583;FRESH GOODS;15
07/may;3583;FRESH GOODS;15
06/may;3583;FRESH GOODS;18
03/may;3583;DRY GOODS;21
07/may;3583;DRY GOODS;21
04/may;3583;DRY GOODS;22
02/may;3583;DRY GOODS;24
05/may;3583;DRY GOODS;24
06/may;3583;DRY GOODS;26
04/may;3585;FRESH GOODS;9
02/may;3585;FRESH GOODS;10
03/may;3585;FRESH GOODS;11
06/may;3585;FRESH GOODS;11
05/may;3585;FRESH GOODS;12
07/may;3585;FRESH GOODS;13
04/may;3585;DRY GOODS;15
05/may;3585;DRY GOODS;15
03/may;3585;DRY GOODS;16
06/may;3585;DRY GOODS;16
02/may;3585;DRY GOODS;17
07/may;3585;DRY GOODS;61
07/may;3594;DRY GOODS;10
05/may;3594;FRESH GOODS;10
03/may;3594;FRESH GOODS;11
07/may;3594;FRESH GOODS;11
04/may;3594;FRESH GOODS;12
06/may;3594;FRESH GOODS;12
02/may;3594;DRY GOODS;15
03/may;3594;DRY GOODS;15
06/may;3594;DRY GOODS;15
02/may;3594;FRESH GOODS;15
05/may;3594;DRY GOODS;18
04/may;3594;DRY GOODS;37
07/may;3696;DRY GOODS;10
02/may;3696;FRESH GOODS;10
03/may;3696;FRESH GOODS;10
04/may;3696;FRESH GOODS;10
03/may;3696;DRY GOODS;11
06/may;3696;DRY GOODS;11
05/may;3696;FRESH GOODS;11
07/may;3696;FRESH GOODS;11
05/may;3696;DRY GOODS;12
02/may;3696;DRY GOODS;13
06/may;3696;FRESH GOODS;13
04/may;3696;DRY GOODS;21
02/may;3698;FRESH GOODS;9
03/may;3698;FRESH GOODS;10
05/may;3698;FRESH GOODS;11
06/may;3698;FRESH GOODS;12
07/may;3698;FRESH GOODS;12
04/may;3698;FRESH GOODS;14
06/may;3698;DRY GOODS;16
03/may;3698;DRY GOODS;17
07/may;3698;DRY GOODS;18
02/may;3698;DRY GOODS;20
04/may;3698;DRY GOODS;21
05/may;3698;DRY GOODS;22
03/may;3780;FRESH GOODS;6
04/may;3780;FRESH GOODS;6
05/may;3780;FRESH GOODS;6
02/may;3780;FRESH GOODS;7
07/may;3780;FRESH GOODS;7
05/may;3780;DRY GOODS;8
06/may;3780;FRESH GOODS;8
03/may;3780;DRY GOODS;9
04/may;3780;DRY GOODS;9
02/may;3780;DRY GOODS;10
06/may;3780;DRY GOODS;10
02/may;3886;FRESH GOODS;14
03/may;3886;FRESH GOODS;14
04/may;3886;FRESH GOODS;17
05/may;3886;FRESH GOODS;18
07/may;3886;FRESH GOODS;18
06/may;3886;FRESH GOODS;21
03/may;3886;DRY GOODS;23
07/may;3886;DRY GOODS;24
06/may;3886;DRY GOODS;26
02/may;3886;DRY GOODS;27
04/may;3886;DRY GOODS;27
05/may;3886;DRY GOODS;27
02/may;4121;FRESH GOODS;11
03/may;4121;FRESH GOODS;11
04/may;4121;FRESH GOODS;14
05/may;4121;FRESH GOODS;14
07/may;4121;FRESH GOODS;14
07/may;4121;DRY GOODS;18
02/may;4121;DRY GOODS;19
06/may;4121;FRESH GOODS;19
05/may;4121;DRY GOODS;20
03/may;4121;DRY GOODS;22
06/may;4121;DRY GOODS;26
04/may;4121;DRY GOODS;27
05/may;4289;FRESH GOODS;8
06/may;4289;FRESH GOODS;9
07/may;4289;FRESH GOODS;9
05/may;4289;DRY GOODS;10
02/may;4289;FRESH GOODS;10
03/may;4289;DRY GOODS;11
03/may;4289;FRESH GOODS;11
04/may;4289;FRESH GOODS;11
04/may;4289;DRY GOODS;12
07/may;4289;DRY GOODS;12
02/may;4289;DRY GOODS;13
06/may;4289;DRY GOODS;14
07/may;4291;DRY GOODS;10
04/may;4291;DRY GOODS;11
03/may;4291;FRESH GOODS;11
05/may;4291;FRESH GOODS;11
07/may;4291;FRESH GOODS;11
05/may;4291;DRY GOODS;12
02/may;4291;DRY GOODS;14
03/may;4291;DRY GOODS;14
06/may;4291;DRY GOODS;15
04/may;4291;FRESH GOODS;15
06/may;4291;FRESH GOODS;15
02/may;4291;FRESH GOODS;20
03/may;4321;FRESH GOODS;11
04/may;4321;FRESH GOODS;13
02/may;4321;FRESH GOODS;14
05/may;4321;FRESH GOODS;14
07/may;4321;DRY GOODS;15
07/may;4321;FRESH GOODS;16
04/may;4321;DRY GOODS;17
06/may;4321;FRESH GOODS;18
02/may;4321;DRY GOODS;21
03/may;4321;DRY GOODS;21
05/may;4321;DRY GOODS;21
06/may;4321;DRY GOODS;23
02/may;4322;FRESH GOODS;10
04/may;4322;FRESH GOODS;10
06/may;4322;FRESH GOODS;10
03/may;4322;FRESH GOODS;11
05/may;4322;FRESH GOODS;11
07/may;4322;FRESH GOODS;13
07/may;4322;DRY GOODS;14
03/may;4322;DRY GOODS;15
04/may;4322;DRY GOODS;15
05/may;4322;DRY GOODS;15
06/may;4322;DRY GOODS;15
02/may;4322;DRY GOODS;16
05/may;4327;FRESH GOODS;9
07/may;4327;DRY GOODS;10
02/may;4327;FRESH GOODS;10
03/may;4327;FRESH GOODS;10
04/may;4327;FRESH GOODS;10
07/may;4327;FRESH GOODS;10
06/may;4327;FRESH GOODS;11
04/may;4327;DRY GOODS;12
05/may;4327;DRY GOODS;12
06/may;4327;DRY GOODS;12
03/may;4327;DRY GOODS;13
02/may;4327;DRY GOODS;16
03/may;4508;FRESH GOODS;9
02/may;4508;FRESH GOODS;10
04/may;4508;FRESH GOODS;10
06/may;4508;FRESH GOODS;11
05/may;4508;FRESH GOODS;13
07/may;4508;FRESH GOODS;13
03/may;4508;DRY GOODS;16
05/may;4508;DRY GOODS;17
07/may;4508;DRY GOODS;17
04/may;4508;DRY GOODS;19
02/may;4508;DRY GOODS;20
06/may;4508;DRY GOODS;20
03/may;4526;FRESH GOODS;8
02/may;4526;FRESH GOODS;9
04/may;4526;FRESH GOODS;9
05/may;4526;FRESH GOODS;9
07/may;4526;DRY GOODS;10
06/may;4526;FRESH GOODS;10
07/may;4526;FRESH GOODS;10
03/may;4526;DRY GOODS;12
05/may;4526;DRY GOODS;13
06/may;4526;DRY GOODS;13
04/may;4526;DRY GOODS;14
02/may;4526;DRY GOODS;15
05/may;4573;FRESH GOODS;5
07/may;4573;FRESH GOODS;6
07/may;4573;DRY GOODS;7
06/may;4573;FRESH GOODS;7
02/may;4573;DRY GOODS;8
05/may;4573;DRY GOODS;8
02/may;4573;FRESH GOODS;8
03/may;4573;FRESH GOODS;8
04/may;4573;DRY GOODS;9
06/may;4573;DRY GOODS;9
03/may;4573;DRY GOODS;10
04/may;4573;FRESH GOODS;10
03/may;4593;FRESH GOODS;6
04/may;4593;FRESH GOODS;6
07/may;4593;FRESH GOODS;6
02/may;4593;FRESH GOODS;7
05/may;4593;FRESH GOODS;7
04/may;4593;DRY GOODS;8
06/may;4593;DRY GOODS;8
02/may;4593;DRY GOODS;9
03/may;4593;DRY GOODS;9
05/may;4593;DRY GOODS;9
07/may;4593;DRY GOODS;9
06/may;4593;FRESH GOODS;11
04/may;4696;FRESH GOODS;10
03/may;4696;FRESH GOODS;11
05/may;4696;FRESH GOODS;11
06/may;4696;FRESH GOODS;11
07/may;4696;FRESH GOODS;11
03/may;4696;DRY GOODS;13
02/may;4696;FRESH GOODS;13
04/may;4696;DRY GOODS;15
06/may;4696;DRY GOODS;15
02/may;4696;DRY GOODS;16
05/may;4696;DRY GOODS;21
07/may;4696;DRY GOODS;25
03/may;4860;FRESH GOODS;11
05/may;4860;FRESH GOODS;13
07/may;4860;FRESH GOODS;14
04/may;4860;FRESH GOODS;15
04/may;4860;DRY GOODS;16
02/may;4860;FRESH GOODS;16
06/may;4860;FRESH GOODS;16
07/may;4860;DRY GOODS;20
03/may;4860;DRY GOODS;21
05/may;4860;DRY GOODS;21
06/may;4860;DRY GOODS;21
02/may;4860;DRY GOODS;22
02/may;4895;FRESH GOODS;9
06/may;4895;FRESH GOODS;9
07/may;4895;DRY GOODS;13
05/may;4895;FRESH GOODS;13
03/may;4895;FRESH GOODS;14
04/may;4895;FRESH GOODS;15
03/may;4895;DRY GOODS;16
04/may;4895;DRY GOODS;16
05/may;4895;DRY GOODS;21
06/may;4895;DRY GOODS;22
07/may;4895;FRESH GOODS;23
02/may;4895;DRY GOODS;24
05/may;4902;FRESH GOODS;7
02/may;4902;FRESH GOODS;8
06/may;4902;FRESH GOODS;8
07/may;4902;DRY GOODS;10
04/may;4902;FRESH GOODS;10
07/may;4902;FRESH GOODS;10
03/may;4902;FRESH GOODS;11
02/may;4902;DRY GOODS;13
05/may;4902;DRY GOODS;13
04/may;4902;DRY GOODS;14
06/may;4902;DRY GOODS;16
03/may;4902;DRY GOODS;18
02/may;5154;FRESH GOODS;8
05/may;5154;FRESH GOODS;8
03/may;5154;FRESH GOODS;10
04/may;5154;DRY GOODS;11
06/may;5154;FRESH GOODS;11
07/may;5154;FRESH GOODS;11
06/may;5154;DRY GOODS;12
07/may;5154;DRY GOODS;12
04/may;5154;FRESH GOODS;12
02/may;5154;DRY GOODS;13
03/may;5154;DRY GOODS;13
05/may;5154;DRY GOODS;14
07/may;5738;DRY GOODS;5
04/may;5738;FRESH GOODS;5
06/may;5738;FRESH GOODS;6
07/may;5738;FRESH GOODS;6
05/may;5738;DRY GOODS;7
03/may;5738;FRESH GOODS;7
05/may;5738;FRESH GOODS;7
04/may;5738;DRY GOODS;8
02/may;5738;DRY GOODS;9
03/may;5738;DRY GOODS;9
06/may;5738;DRY GOODS;9
02/may;5738;FRESH GOODS;12
02/may;5746;FRESH GOODS;8
03/may;5746;FRESH GOODS;10
04/may;5746;FRESH GOODS;10
07/may;5746;FRESH GOODS;10
05/may;5746;FRESH GOODS;11
06/may;5746;FRESH GOODS;13
04/may;5746;DRY GOODS;14
02/may;5746;DRY GOODS;15
06/may;5746;DRY GOODS;15
03/may;5746;DRY GOODS;17
05/may;5746;DRY GOODS;17
03/may;5749;FRESH GOODS;10
05/may;5749;FRESH GOODS;11
07/may;5749;FRESH GOODS;11
02/may;5749;DRY GOODS;12
05/may;5749;DRY GOODS;12
06/may;5749;DRY GOODS;12
07/may;5749;DRY GOODS;12
06/may;5749;FRESH GOODS;12
02/may;5749;FRESH GOODS;13
03/may;5749;DRY GOODS;14
04/may;5749;DRY GOODS;14
04/may;5749;FRESH GOODS;14
04/may;5753;DRY GOODS;1
02/may;5753;FRESH GOODS;1
03/may;5753;FRESH GOODS;1
04/may;5753;FRESH GOODS;1
05/may;5753;FRESH GOODS;1
05/may;5753;DRY GOODS;2
02/may;5753;DRY GOODS;3
03/may;5753;DRY GOODS;3
03/may;5759;FRESH GOODS;10
04/may;5759;FRESH GOODS;10
07/may;5759;DRY GOODS;11
02/may;5759;FRESH GOODS;11
05/may;5759;FRESH GOODS;11
03/may;5759;DRY GOODS;13
06/may;5759;DRY GOODS;13
06/may;5759;FRESH GOODS;13
07/may;5759;FRESH GOODS;13
04/may;5759;DRY GOODS;15
05/may;5759;DRY GOODS;15
02/may;5759;DRY GOODS;17
04/may;5763;FRESH GOODS;12
05/may;5763;FRESH GOODS;12
02/may;5763;FRESH GOODS;13
03/may;5763;FRESH GOODS;13
06/may;5763;FRESH GOODS;15
07/may;5763;FRESH GOODS;16
03/may;5763;DRY GOODS;20
04/may;5763;DRY GOODS;23
07/may;5763;DRY GOODS;23
06/may;5763;DRY GOODS;26
02/may;5763;DRY GOODS;27
05/may;5763;DRY GOODS;28
04/may;5766;DRY GOODS;10
05/may;5766;DRY GOODS;10
06/may;5766;DRY GOODS;12
03/may;5766;FRESH GOODS;12
03/may;5766;DRY GOODS;13
07/may;5766;DRY GOODS;13
04/may;5766;FRESH GOODS;13
06/may;5766;FRESH GOODS;13
07/may;5766;FRESH GOODS;13
02/may;5766;FRESH GOODS;14
02/may;5766;DRY GOODS;15
05/may;5766;FRESH GOODS;15
02/may;5767;FRESH GOODS;11
03/may;5767;FRESH GOODS;12
04/may;5767;FRESH GOODS;12
05/may;5767;FRESH GOODS;13
04/may;5767;DRY GOODS;14
06/may;5767;DRY GOODS;14
07/may;5767;DRY GOODS;14
06/may;5767;FRESH GOODS;14
07/may;5767;FRESH GOODS;14
02/may;5767;DRY GOODS;18
03/may;5767;DRY GOODS;19
05/may;5767;DRY GOODS;19
03/may;5769;FRESH GOODS;11
02/may;5769;FRESH GOODS;12
05/may;5769;FRESH GOODS;12
04/may;5769;FRESH GOODS;14
04/may;5769;DRY GOODS;17
07/may;5769;FRESH GOODS;17
07/may;5769;DRY GOODS;18
06/may;5769;FRESH GOODS;18
03/may;5769;DRY GOODS;19
06/may;5769;DRY GOODS;19
05/may;5769;DRY GOODS;20
02/may;5769;DRY GOODS;22
03/may;6089;FRESH GOODS;10
07/may;6089;DRY GOODS;11
04/may;6089;FRESH GOODS;11
02/may;6089;FRESH GOODS;12
05/may;6089;FRESH GOODS;13
07/may;6089;FRESH GOODS;13
06/may;6089;FRESH GOODS;14
06/may;6089;DRY GOODS;16
04/may;6089;DRY GOODS;17
03/may;6089;DRY GOODS;20
05/may;6089;DRY GOODS;26
02/may;6089;DRY GOODS;52
03/may;6091;FRESH GOODS;12
05/may;6091;FRESH GOODS;15
07/may;6091;FRESH GOODS;15
07/may;6091;DRY GOODS;16
02/may;6091;FRESH GOODS;16
04/may;6091;FRESH GOODS;16
03/may;6091;DRY GOODS;17
06/may;6091;FRESH GOODS;17
04/may;6091;DRY GOODS;18
06/may;6091;DRY GOODS;21
02/may;6091;DRY GOODS;22
05/may;6091;DRY GOODS;24
03/may;6173;FRESH GOODS;9
02/may;6173;FRESH GOODS;10
04/may;6173;FRESH GOODS;11
05/may;6173;FRESH GOODS;11
04/may;6173;DRY GOODS;12
07/may;6173;FRESH GOODS;14
02/may;6173;DRY GOODS;16
03/may;6173;DRY GOODS;16
05/may;6173;DRY GOODS;16
07/may;6173;DRY GOODS;16
06/may;6173;FRESH GOODS;16
06/may;6173;DRY GOODS;17
02/may;6174;FRESH GOODS;10
03/may;6174;FRESH GOODS;11
07/may;6174;FRESH GOODS;13
06/may;6174;FRESH GOODS;15
03/may;6174;DRY GOODS;18
05/may;6174;FRESH GOODS;18
07/may;6174;DRY GOODS;19
04/may;6174;FRESH GOODS;21
04/may;6174;DRY GOODS;22
06/may;6174;DRY GOODS;23
05/may;6174;DRY GOODS;25
02/may;6174;DRY GOODS;35
03/may;6332;FRESH GOODS;9
02/may;6332;FRESH GOODS;11
04/may;6332;FRESH GOODS;11
05/may;6332;FRESH GOODS;14
06/may;6332;FRESH GOODS;15
07/may;6332;FRESH GOODS;16
03/may;6332;DRY GOODS;22
02/may;6332;DRY GOODS;24
04/may;6332;DRY GOODS;25
05/may;6332;DRY GOODS;28
06/may;6332;DRY GOODS;33
02/may;6891;FRESH GOODS;2
02/may;6891;DRY GOODS;5
03/may;6891;DRY GOODS;5
04/may;6891;FRESH GOODS;5
06/may;6891;FRESH GOODS;5
07/may;6891;DRY GOODS;7
05/may;6891;FRESH GOODS;7
07/may;6891;FRESH GOODS;7
03/may;6891;FRESH GOODS;8
06/may;6891;DRY GOODS;13
05/may;6891;DRY GOODS;14
04/may;6891;DRY GOODS;16
03/may;6989;DRY GOODS;9
07/may;6989;DRY GOODS;9
07/may;6989;FRESH GOODS;9
06/may;6989;DRY GOODS;10
05/may;6989;FRESH GOODS;10
04/may;6989;DRY GOODS;11
05/may;6989;DRY GOODS;11
03/may;6989;FRESH GOODS;11
06/may;6989;FRESH GOODS;11
02/may;6989;FRESH GOODS;12
04/may;6989;FRESH GOODS;12
02/may;6989;DRY GOODS;14
02/may;7031;FRESH GOODS;7
03/may;7031;FRESH GOODS;8
04/may;7031;FRESH GOODS;10
07/may;7031;DRY GOODS;11
06/may;7031;FRESH GOODS;11
07/may;7031;FRESH GOODS;11
05/may;7031;FRESH GOODS;12
04/may;7031;DRY GOODS;13
02/may;7031;DRY GOODS;14
03/may;7031;DRY GOODS;14
05/may;7031;DRY GOODS;15
06/may;7031;DRY GOODS;20
02/may;7207;FRESH GOODS;16
03/may;7207;FRESH GOODS;16
05/may;7207;FRESH GOODS;20
04/may;7207;FRESH GOODS;21
07/may;7207;FRESH GOODS;22
02/may;7207;DRY GOODS;24
06/may;7207;FRESH GOODS;25
04/may;7207;DRY GOODS;26
03/may;7207;DRY GOODS;31
05/may;7207;DRY GOODS;32
06/may;7207;DRY GOODS;33
05/may;7691;FRESH GOODS;7
03/may;7691;FRESH GOODS;8
07/may;7691;DRY GOODS;9
02/may;7691;FRESH GOODS;9
02/may;7691;DRY GOODS;10
04/may;7691;DRY GOODS;10
05/may;7691;DRY GOODS;10
06/may;7691;FRESH GOODS;10
03/may;7691;DRY GOODS;11
06/may;7691;DRY GOODS;12
07/may;7691;FRESH GOODS;13
04/may;7691;FRESH GOODS;21
02/may;7695;FRESH GOODS;11
03/may;7695;FRESH GOODS;11
04/may;7695;FRESH GOODS;14
05/may;7695;FRESH GOODS;14
07/may;7695;FRESH GOODS;14
06/may;7695;FRESH GOODS;15
03/may;7695;DRY GOODS;19
02/may;7695;DRY GOODS;21
07/may;7695;DRY GOODS;21
04/may;7695;DRY GOODS;22
06/may;7695;DRY GOODS;23
05/may;7695;DRY GOODS;28
03/may;7763;FRESH GOODS;11
03/may;7763;DRY GOODS;12
05/may;7763;FRESH GOODS;12
07/may;7763;DRY GOODS;13
04/may;7763;FRESH GOODS;13
07/may;7763;FRESH GOODS;13
04/may;7763;DRY GOODS;14
05/may;7763;DRY GOODS;14
02/may;7763;FRESH GOODS;14
02/may;7763;DRY GOODS;16
06/may;7763;DRY GOODS;17
06/may;7763;FRESH GOODS;17
05/may;7773;FRESH GOODS;6
03/may;7773;FRESH GOODS;7
06/may;7773;FRESH GOODS;8
02/may;7773;DRY GOODS;9
03/may;7773;DRY GOODS;9
05/may;7773;DRY GOODS;9
04/may;7773;DRY GOODS;10
06/may;7773;DRY GOODS;10
07/may;7773;DRY GOODS;10
07/may;7773;FRESH GOODS;10
04/may;7773;FRESH GOODS;11
02/may;7773;FRESH GOODS;13
02/may;7780;FRESH GOODS;6
04/may;7780;FRESH GOODS;7
07/may;7780;FRESH GOODS;7
02/may;7780;DRY GOODS;8
04/may;7780;DRY GOODS;8
06/may;7780;FRESH GOODS;8
03/may;7780;DRY GOODS;9
05/may;7780;DRY GOODS;9
06/may;7780;DRY GOODS;9
05/may;7780;FRESH GOODS;10
03/may;7780;FRESH GOODS;11
02/may;7873;FRESH GOODS;5
03/may;7873;FRESH GOODS;5
03/may;7873;DRY GOODS;6
07/may;7873;DRY GOODS;6
05/may;7873;FRESH GOODS;6
06/may;7873;FRESH GOODS;6
07/may;7873;FRESH GOODS;6
02/may;7873;DRY GOODS;7
05/may;7873;DRY GOODS;7
04/may;7873;FRESH GOODS;9
04/may;7873;DRY GOODS;11
06/may;7873;DRY GOODS;24
03/may;8427;DRY GOODS;6
04/may;8427;DRY GOODS;6
07/may;8427;DRY GOODS;6
05/may;8427;FRESH GOODS;6
06/may;8427;FRESH GOODS;6
06/may;8427;DRY GOODS;7
04/may;8427;FRESH GOODS;7
02/may;8427;DRY GOODS;8
02/may;8427;FRESH GOODS;9
07/may;8427;FRESH GOODS;11
03/may;8427;FRESH GOODS;12
05/may;8427;DRY GOODS;14
02/may;8466;FRESH GOODS;5
06/may;8466;FRESH GOODS;6
07/may;8466;DRY GOODS;7
05/may;8466;FRESH GOODS;7
07/may;8466;FRESH GOODS;8
04/may;8466;DRY GOODS;9
02/may;8466;DRY GOODS;10
03/may;8466;DRY GOODS;10
05/may;8466;DRY GOODS;10
06/may;8466;DRY GOODS;10
04/may;8466;FRESH GOODS;10
03/may;8466;FRESH GOODS;14
03/may;8524;FRESH GOODS;9
02/may;8524;FRESH GOODS;10
05/may;8524;FRESH GOODS;11
04/may;8524;FRESH GOODS;12
06/may;8524;FRESH GOODS;12
07/may;8524;FRESH GOODS;13
07/may;8524;DRY GOODS;15
03/may;8524;DRY GOODS;16
04/may;8524;DRY GOODS;16
06/may;8524;DRY GOODS;16
02/may;8524;DRY GOODS;19
05/may;8524;DRY GOODS;21
03/may;9024;FRESH GOODS;8
05/may;9024;FRESH GOODS;8
02/may;9024;FRESH GOODS;9
04/may;9024;FRESH GOODS;9
06/may;9024;FRESH GOODS;9
07/may;9024;DRY GOODS;10
03/may;9024;DRY GOODS;12
04/may;9024;DRY GOODS;13
05/may;9024;DRY GOODS;13
02/may;9024;DRY GOODS;14
06/may;9024;DRY GOODS;15
07/may;9024;FRESH GOODS;15
03/may;9083;FRESH GOODS;14
04/may;9083;FRESH GOODS;17
02/may;9083;FRESH GOODS;18
06/may;9083;FRESH GOODS;18
05/may;9083;FRESH GOODS;19
03/may;9083;DRY GOODS;20
07/may;9083;FRESH GOODS;20
04/may;9083;DRY GOODS;23
07/may;9083;DRY GOODS;24
02/may;9083;DRY GOODS;25
06/may;9083;DRY GOODS;28
05/may;9083;DRY GOODS;29
04/may;9379;FRESH GOODS;8
05/may;9379;FRESH GOODS;10
06/may;9379;FRESH GOODS;10
07/may;9379;FRESH GOODS;11
07/may;9379;DRY GOODS;12
02/may;9379;FRESH GOODS;12
03/may;9379;DRY GOODS;13
03/may;9379;FRESH GOODS;13
02/may;9379;DRY GOODS;14
04/may;9379;DRY GOODS;14
05/may;9379;DRY GOODS;14
06/may;9379;DRY GOODS;14
04/may;9586;FRESH GOODS;7
05/may;9586;FRESH GOODS;7
02/may;9586;DRY GOODS;8
02/may;9586;FRESH GOODS;8
05/may;9586;DRY GOODS;9
07/may;9586;FRESH GOODS;9
04/may;9586;DRY GOODS;10
06/may;9586;DRY GOODS;12
07/may;9586;DRY GOODS;12
06/may;9586;FRESH GOODS;12
03/may;9586;FRESH GOODS;14
03/may;9586;DRY GOODS;37
03/may;9587;FRESH GOODS;11
02/may;9587;FRESH GOODS;13
04/may;9587;FRESH GOODS;14
05/may;9587;FRESH GOODS;14
07/may;9587;FRESH GOODS;14
03/may;9587;DRY GOODS;19
04/may;9587;DRY GOODS;21
02/may;9587;DRY GOODS;22
06/may;9587;FRESH GOODS;22
05/may;9587;DRY GOODS;25
07/may;9587;DRY GOODS;25
06/may;9587;DRY GOODS;28
02/may;9622;FRESH GOODS;8
07/may;9622;DRY GOODS;9
03/may;9622;FRESH GOODS;9
05/may;9622;FRESH GOODS;10
04/may;9622;FRESH GOODS;11
06/may;9622;FRESH GOODS;11
07/may;9622;FRESH GOODS;11
04/may;9622;DRY GOODS;14
06/may;9622;DRY GOODS;15
03/may;9622;DRY GOODS;16
02/may;9622;DRY GOODS;17
05/may;9622;DRY GOODS;17
02/may;9664;FRESH GOODS;7
03/may;9664;FRESH GOODS;7
05/may;9664;FRESH GOODS;8
07/may;9664;FRESH GOODS;8
06/may;9664;FRESH GOODS;9
04/may;9664;FRESH GOODS;10
07/may;9664;DRY GOODS;12
04/may;9664;DRY GOODS;14
06/may;9664;DRY GOODS;15
02/may;9664;DRY GOODS;16
03/may;9664;DRY GOODS;16
05/may;9664;DRY GOODS;16
02/may;9800;FRESH GOODS;4
03/may;9800;FRESH GOODS;4
05/may;9800;FRESH GOODS;5
07/may;9800;FRESH GOODS;5
06/may;9800;FRESH GOODS;6
04/may;9800;FRESH GOODS;7
07/may;9800;DRY GOODS;8
04/may;9800;DRY GOODS;9
06/may;9800;DRY GOODS;10
02/may;9800;DRY GOODS;11
03/may;9800;DRY GOODS;11
05/may;9800;DRY GOODS;11
02/may;9805;FRESH GOODS;5
03/may;9805;FRESH GOODS;5
05/may;9805;FRESH GOODS;6
07/may;9805;FRESH GOODS;6
06/may;9805;FRESH GOODS;7
04/may;9805;FRESH GOODS;7
07/may;9805;DRY GOODS;9
04/may;9805;DRY GOODS;10
06/may;9805;DRY GOODS;11
02/may;9805;DRY GOODS;11
03/may;9805;DRY GOODS;11
05/may;9805;DRY GOODS;11
02/may;9810;FRESH GOODS;4
03/may;9810;FRESH GOODS;4
05/may;9810;FRESH GOODS;4
07/may;9810;FRESH GOODS;4
06/may;9810;FRESH GOODS;5
04/may;9810;FRESH GOODS;6
07/may;9810;DRY GOODS;7
04/may;9810;DRY GOODS;9
06/may;9810;DRY GOODS;9
02/may;9810;DRY GOODS;10
03/may;9810;DRY GOODS;10
05/may;9810;DRY GOODS;10
02/may;9815;FRESH GOODS;4
03/may;9815;FRESH GOODS;4
05/may;9815;FRESH GOODS;5
07/may;9815;FRESH GOODS;5
06/may;9815;FRESH GOODS;6
04/may;9815;FRESH GOODS;7
07/may;9815;DRY GOODS;8
04/may;9815;DRY GOODS;9
06/may;9815;DRY GOODS;10
02/may;9815;DRY GOODS;11
03/may;9815;DRY GOODS;11
05/may;9815;DRY GOODS;11
02/may;9820;FRESH GOODS;4
03/may;9820;FRESH GOODS;4
05/may;9820;FRESH GOODS;4
07/may;9820;FRESH GOODS;4
06/may;9820;FRESH GOODS;5
04/may;9820;FRESH GOODS;6
07/may;9820;DRY GOODS;7
04/may;9820;DRY GOODS;9
06/may;9820;DRY GOODS;9
02/may;9820;DRY GOODS;10
03/may;9820;DRY GOODS;10
05/may;9820;DRY GOODS;10
02/may;9825;FRESH GOODS;6
03/may;9825;FRESH GOODS;6
05/may;9825;FRESH GOODS;7
07/may;9825;FRESH GOODS;7
06/may;9825;FRESH GOODS;7
04/may;9825;FRESH GOODS;8
07/may;9825;DRY GOODS;9
04/may;9825;DRY GOODS;11
06/may;9825;DRY GOODS;11
02/may;9825;DRY GOODS;12
03/may;9825;DRY GOODS;12
05/may;9825;DRY GOODS;12
02/may;9830;FRESH GOODS;7
03/may;9830;FRESH GOODS;7
05/may;9830;FRESH GOODS;7
07/may;9830;FRESH GOODS;7
06/may;9830;FRESH GOODS;8
04/may;9830;FRESH GOODS;9
07/may;9830;DRY GOODS;10
04/may;9830;DRY GOODS;11
06/may;9830;DRY GOODS;12
02/may;9830;DRY GOODS;13
03/may;9830;DRY GOODS;13
05/may;9830;DRY GOODS;13
02/may;9835;FRESH GOODS;5
03/may;9835;FRESH GOODS;5
05/may;9835;FRESH GOODS;6
07/may;9835;FRESH GOODS;6
06/may;9835;FRESH GOODS;7
04/may;9835;FRESH GOODS;7
07/may;9835;DRY GOODS;9
04/may;9835;DRY GOODS;10
06/may;9835;DRY GOODS;11
02/may;9835;DRY GOODS;11
03/may;9835;DRY GOODS;11
05/may;9835;DRY GOODS;11
02/may;9840;FRESH GOODS;6
03/may;9840;FRESH GOODS;6
05/may;9840;FRESH GOODS;7
07/may;9840;FRESH GOODS;7
06/may;9840;FRESH GOODS;7
04/may;9840;FRESH GOODS;8
07/may;9840;DRY GOODS;9
04/may;9840;DRY GOODS;11
06/may;9840;DRY GOODS;11
02/may;9840;DRY GOODS;12
03/may;9840;DRY GOODS;12
05/may;9840;DRY GOODS;12
02/may;9845;FRESH GOODS;5
03/may;9845;FRESH GOODS;5
05/may;9845;FRESH GOODS;6
07/may;9845;FRESH GOODS;6
06/may;9845;FRESH GOODS;7
04/may;9845;FRESH GOODS;7
07/may;9845;DRY GOODS;9
04/may;9845;DRY GOODS;10
06/may;9845;DRY GOODS;11
02/may;9845;DRY GOODS;11
03/may;9845;DRY GOODS;11
05/may;9845;DRY GOODS;11
02/may;9850;FRESH GOODS;7
03/may;9850;FRESH GOODS;7
05/may;9850;FRESH GOODS;8
07/may;9850;FRESH GOODS;8
06/may;9850;FRESH GOODS;9
04/may;9850;FRESH GOODS;9
07/may;9850;DRY GOODS;11
04/may;9850;DRY GOODS;12
06/may;9850;DRY GOODS;13
02/may;9850;DRY GOODS;14
03/may;9850;DRY GOODS;14
05/may;9850;DRY GOODS;14
02/may;9855;FRESH GOODS;8
03/may;9855;FRESH GOODS;8
05/may;9855;FRESH GOODS;9
07/may;9855;FRESH GOODS;9
06/may;9855;FRESH GOODS;9
04/may;9855;FRESH GOODS;10
02/may;9855;DRY GOODS;11
07/may;9855;DRY GOODS;11
04/may;9855;DRY GOODS;13
06/may;9855;DRY GOODS;8
03/may;9855;DRY GOODS;14
05/may;9855;DRY GOODS;14
02/may;9860;DRY GOODS;5
02/may;9860;FRESH GOODS;7
03/may;9860;FRESH GOODS;7
05/may;9860;FRESH GOODS;7
07/may;9860;FRESH GOODS;7
06/may;9860;FRESH GOODS;8
04/may;9860;FRESH GOODS;9
07/may;9860;DRY GOODS;10
04/may;9860;DRY GOODS;11
06/may;9860;DRY GOODS;8
03/may;9860;DRY GOODS;13
05/may;9860;DRY GOODS;13
02/may;9865;DRY GOODS;6
02/may;9865;FRESH GOODS;7
03/may;9865;FRESH GOODS;7
05/may;9865;FRESH GOODS;8
07/may;9865;FRESH GOODS;8
06/may;9865;FRESH GOODS;9
04/may;9865;FRESH GOODS;9
07/may;9865;DRY GOODS;11
04/may;9865;DRY GOODS;12
06/may;9865;DRY GOODS;8
03/may;9865;DRY GOODS;14
05/may;9865;DRY GOODS;14
02/may;9870;DRY GOODS;7
02/may;9870;FRESH GOODS;7
03/may;9870;FRESH GOODS;7
05/may;9870;FRESH GOODS;7
07/may;9870;FRESH GOODS;7
06/may;9870;FRESH GOODS;8
04/may;9870;FRESH GOODS;9
07/may;9870;DRY GOODS;10
04/may;9870;DRY GOODS;11
06/may;9870;DRY GOODS;12
03/may;9870;DRY GOODS;13
05/may;9870;DRY GOODS;13
02/may;9875;DRY GOODS;2
02/may;9875;FRESH GOODS;9
03/may;9875;FRESH GOODS;9
05/may;9875;FRESH GOODS;9
07/may;9875;FRESH GOODS;9
06/may;9875;FRESH GOODS;10
04/may;9875;FRESH GOODS;11
07/may;9875;DRY GOODS;12
04/may;9875;DRY GOODS;14
06/may;9875;DRY GOODS;14
03/may;9875;DRY GOODS;15
05/may;9875;DRY GOODS;15
02/may;9880;DRY GOODS;3
02/may;9880;FRESH GOODS;9
03/may;9880;FRESH GOODS;9
05/may;9880;FRESH GOODS;10
07/may;9880;FRESH GOODS;10
06/may;9880;FRESH GOODS;11
04/may;9880;FRESH GOODS;11
07/may;9880;DRY GOODS;13
04/may;9880;DRY GOODS;14
06/may;9880;DRY GOODS;12
03/may;9880;DRY GOODS;16
05/may;9880;DRY GOODS;12
02/may;9885;DRY GOODS;2
02/may;9885;FRESH GOODS;8
03/may;9885;FRESH GOODS;8
05/may;9885;FRESH GOODS;9
07/may;9885;FRESH GOODS;9
06/may;9885;FRESH GOODS;9
04/may;9885;FRESH GOODS;10
07/may;9885;DRY GOODS;11
04/may;9885;DRY GOODS;13
06/may;9885;DRY GOODS;14
03/may;9885;DRY GOODS;12
05/may;9885;DRY GOODS;14
02/may;9890;DRY GOODS;2
02/may;9890;FRESH GOODS;9
03/may;9890;FRESH GOODS;9
05/may;9890;FRESH GOODS;9
07/may;9890;FRESH GOODS;9
06/may;9890;FRESH GOODS;10
04/may;9890;FRESH GOODS;11
07/may;9890;DRY GOODS;12
04/may;9890;DRY GOODS;14
06/may;9890;DRY GOODS;14
03/may;9890;DRY GOODS;12
05/may;9890;DRY GOODS;15
02/may;9895;DRY GOODS;2
02/may;9895;FRESH GOODS;8
03/may;9895;FRESH GOODS;8
05/may;9895;FRESH GOODS;9
07/may;9895;FRESH GOODS;9
06/may;9895;FRESH GOODS;9
04/may;9895;FRESH GOODS;10
07/may;9895;DRY GOODS;11
04/may;9895;DRY GOODS;13
06/may;9895;DRY GOODS;14
03/may;9895;DRY GOODS;14
05/may;9895;DRY GOODS;14
02/may;9900;DRY GOODS;10
02/may;9900;FRESH GOODS;10
03/may;9900;FRESH GOODS;10
05/may;9900;FRESH GOODS;11
07/may;9900;FRESH GOODS;11
06/may;9900;FRESH GOODS;11
04/may;9900;FRESH GOODS;12
07/may;9900;DRY GOODS;14
04/may;9900;DRY GOODS;15
06/may;9900;DRY GOODS;16
03/may;9900;DRY GOODS;12
05/may;9900;DRY GOODS;12
02/may;9905;DRY GOODS;9
02/may;9905;FRESH GOODS;9
03/may;9905;FRESH GOODS;9
05/may;9905;FRESH GOODS;9
07/may;9905;FRESH GOODS;9
06/may;9905;FRESH GOODS;10
04/may;9905;FRESH GOODS;11
07/may;9905;DRY GOODS;12
04/may;9905;DRY GOODS;14
06/may;9905;DRY GOODS;14
03/may;9905;DRY GOODS;8
05/may;9905;DRY GOODS;11
02/may;9910;DRY GOODS;7
02/may;9910;FRESH GOODS;7
03/may;9910;FRESH GOODS;7
05/may;9910;FRESH GOODS;7
07/may;9910;FRESH GOODS;7
06/may;9910;FRESH GOODS;8
04/may;9910;FRESH GOODS;9
07/may;9910;DRY GOODS;10
04/may;9910;DRY GOODS;11
06/may;9910;DRY GOODS;12
03/may;9910;DRY GOODS;8
05/may;9910;DRY GOODS;9
02/may;9915;DRY GOODS;8
02/may;9915;FRESH GOODS;8
03/may;9915;FRESH GOODS;8
05/may;9915;FRESH GOODS;9
07/may;9915;FRESH GOODS;9
06/may;9915;FRESH GOODS;9
04/may;9915;FRESH GOODS;10
07/may;9915;DRY GOODS;11
04/may;9915;DRY GOODS;13
06/may;9915;DRY GOODS;14
03/may;9915;DRY GOODS;8
05/may;9915;DRY GOODS;10
02/may;9920;FRESH GOODS;4
03/may;9920;FRESH GOODS;4
05/may;9920;FRESH GOODS;5
07/may;9920;FRESH GOODS;5
06/may;9920;FRESH GOODS;6
04/may;9920;FRESH GOODS;7
07/may;9920;DRY GOODS;8
04/may;9920;DRY GOODS;9
06/may;9920;DRY GOODS;10
02/may;9920;DRY GOODS;11
03/may;9920;DRY GOODS;12
05/may;9920;DRY GOODS;7
02/may;9925;FRESH GOODS;5
03/may;9925;FRESH GOODS;5
05/may;9925;FRESH GOODS;6
07/may;9925;FRESH GOODS;6
06/may;9925;FRESH GOODS;7
04/may;9925;FRESH GOODS;7
07/may;9925;DRY GOODS;9
04/may;9925;DRY GOODS;10
06/may;9925;DRY GOODS;11
02/may;9925;DRY GOODS;11
03/may;9925;DRY GOODS;7
05/may;9925;DRY GOODS;8
02/may;9930;FRESH GOODS;4
03/may;9930;FRESH GOODS;4
05/may;9930;FRESH GOODS;4
07/may;9930;FRESH GOODS;4
06/may;9930;FRESH GOODS;5
04/may;9930;FRESH GOODS;6
07/may;9930;DRY GOODS;7
04/may;9930;DRY GOODS;9
06/may;9930;DRY GOODS;9
02/may;9930;DRY GOODS;10
03/may;9930;DRY GOODS;8
05/may;9930;DRY GOODS;9
02/may;9935;FRESH GOODS;4
03/may;9935;FRESH GOODS;4
05/may;9935;FRESH GOODS;5
07/may;9935;FRESH GOODS;5
06/may;9935;FRESH GOODS;6
04/may;9935;FRESH GOODS;7
07/may;9935;DRY GOODS;8
04/may;9935;DRY GOODS;9
06/may;9935;DRY GOODS;10
02/may;9935;DRY GOODS;11
03/may;9935;DRY GOODS;9
05/may;9935;DRY GOODS;8
02/may;9940;FRESH GOODS;4
03/may;9940;FRESH GOODS;4
05/may;9940;FRESH GOODS;4
07/may;9940;FRESH GOODS;4
06/may;9940;FRESH GOODS;5
04/may;9940;FRESH GOODS;6
07/may;9940;DRY GOODS;7
04/may;9940;DRY GOODS;9
06/may;9940;DRY GOODS;9
02/may;9940;DRY GOODS;10
03/may;9940;DRY GOODS;7
05/may;9940;DRY GOODS;10
02/may;9945;FRESH GOODS;6
03/may;9945;FRESH GOODS;6
05/may;9945;FRESH GOODS;7
07/may;9945;FRESH GOODS;7
06/may;9945;FRESH GOODS;7
04/may;9945;FRESH GOODS;8
07/may;9945;DRY GOODS;9
04/may;9945;DRY GOODS;11
06/may;9945;DRY GOODS;11
02/may;9945;DRY GOODS;12
03/may;9945;DRY GOODS;8
05/may;9945;DRY GOODS;12
